0.021814551	-0.042348098	-0.03136108	-0.03483374	0.0151463635	0.042646836	0.03585187	0.029597927	0.03760833	0.047916923	-0.03169463	-0.012005903	-0.03790585	-0.025423551	0.026578728	0.038331103	-0.041724943	-0.043379534	-0.029670013	0.019217554
-0.078100644	-0.75535184	0.14716229	-1.2680029	0.5357627	-0.5184593	0.6425224	0.4042376	-1.2058324	-0.8556411	0.36066854	-0.7703721	0.6207502	-0.88070124	0.3666946	1.327217	-0.12299108	0.52923644	-0.24104613	0.3911661
0.08805611	-0.83480096	0.64690197	-0.12456491	1.0616688	-0.7714915	-0.33843896	-0.86490285	-1.3368322	-0.00856536	0.087175	0.18224959	-0.9236484	-0.9532236	0.6024809	0.22371477	0.57480913	0.6006961	0.72017	0.3897846
1.7469592	-0.7071565	0.52027017	0.0549107	0.13163961	-0.72129315	-1.1104409	-0.49886188	0.17330478	-0.5743289	0.4920391	0.6622877	0.3850559	-0.68253237	0.81428736	0.6515753	1.1248958	1.1221243	0.2932705	0.35490903
0.39168057	-1.2440462	0.83934444	-1.2776811	0.48009866	-0.8955201	-0.56743056	0.12640558	-1.1207101	0.3040894	0.8185735	-0.8184041	-1.1627158	-0.16492318	0.032180607	0.04167183	-0.2276526	-0.5968183	1.2787163	1.2533053
-0.60450166	0.8624888	-0.7086338	0.6402427	1.0430243	0.9231315	-1.0645654	-0.80318016	-0.9220452	-0.28133377	0.03760995	0.8916673	-0.61640924	0.26311806	0.9159513	-0.8108084	0.779559	-0.528868	-0.7181103	0.2962185
-0.9845158	0.42355284	0.608696	1.0437616	1.0934963	1.2971554	1.2135401	-0.44554296	-1.9622703	-0.8334361	-1.3965594	0.49063623	-1.5627655	-0.6984996	-0.6845226	-0.4049243	-1.3063071	0.7996034	0.47687083	-1.1448007
0.6046328	-0.7200096	-0.49040747	0.53232116	0.9012721	0.9150845	-0.68685645	1.4193363	0.8121266	-1.1522124	-0.7991067	-0.37949923	0.63076484	0.11001624	-0.52930564	-0.4455606	0.4366889	1.0044978	1.2524824	1.1461306
-0.74388164	-1.2181939	1.0488062	-1.4418951	-2.0146294	1.0071084	1.2117941	-1.5492796	-0.75036144	-1.9556693	1.2618624	-0.65941936	-0.5833043	-1.0181881	1.306429	-0.3333238	0.13850695	1.9505724	0.8853294	0.93428785
0.25166705	-1.1105572	1.3702682	-0.83614033	-0.28336188	0.40338942	-0.8606533	0.110324554	-0.78376466	0.7457392	0.21328282	-1.4844962	1.0762292	-0.36144516	0.43324402	0.93088824	-0.21217142	0.8017623	-0.41539702	0.8932039
-0.21638902	0.09933313	-0.00013672753	-0.32899052	-1.0973678	0.121411085	-0.54679674	-0.7823774	-0.8218936	0.6712589	0.65104544	-1.7740709	0.90240157	-0.57050174	0.45398912	-0.371119	-0.70463145	0.8878617	0.093172	0.997459
-1.3893827	-0.7279775	0.51867324	-0.008867737	1.7527182	-1.8498905	-1.0472435	-1.5012591	-0.6013222	-1.0083205	-1.3027748	-1.3244146	-0.62340343	-0.9080037	0.7347984	-1.6489424	0.30763426	-0.9954867	1.9896109	0.43891814
1.2043146	-0.34960544	1.5376892	-0.7334036	-0.17067662	-0.68742144	-1.5090122	-1.455643	-0.7837289	0.5202973	-0.32194802	-0.58928746	0.64415425	-0.3926508	-0.90242267	0.28414273	-0.15462506	2.153799	-0.17616095	0.5991989
-1.2661346	-0.7918966	0.4605675	-1.6318033	1.3233784	-0.045187835	1.087121	-0.37790456	0.017406724	0.20317645	1.5205033	-1.3855772	-0.2694631	-1.1551201	0.30678397	-0.71460736	-0.19800621	0.54233193	1.6058178	0.911261
0.58092856	-1.3954818	-0.67047983	-1.2204229	0.93765444	-1.1779996	-2.155137	-1.0581331	-1.0538014	-1.4338993	0.36692035	-0.8403301	0.30777955	-0.8510911	0.60640734	0.72668976	-1.4909323	-1.1752874	1.9437399	0.98373646
-0.77935916	-1.801207	1.4702963	-1.1065733	-0.99552745	1.3835073	0.75447774	-0.37704903	0.0691511	-0.6438135	0.5225447	-1.23147	0.7559479	-0.48759234	1.2906755	-1.5302314	-0.5400689	-0.17462572	-0.36638182	0.7333756
-0.91943693	0.6430005	1.0293671	-1.5741526	0.07679237	0.9040995	-1.1758157	-0.63854903	1.8537439	1.1641465	1.3666419	-0.88552165	-0.56439877	-0.46954238	-0.25500453	1.0811452	-0.9956552	-0.7444135	0.8211776	1.6367348
-0.20000803	-2.0336304	1.1521933	-0.15665044	1.1196262	0.46224767	-0.16238944	-1.520588	0.3753191	0.056762762	-0.31371093	-1.1493837	-0.9018539	0.39006674	0.18860753	0.8022691	0.1199747	1.5144426	-0.17131564	2.1144197
-0.44649935	-1.2746575	0.2831855	-0.8836439	-0.08438761	-0.023552485	0.6755781	-0.7648595	-0.2897732	-0.509778	-0.24466069	-1.7230595	-1.007375	-0.7892001	-0.34993094	-0.46625954	-0.3989105	-0.41238245	0.8287377	0.70004827
0.2005773	-0.40745816	0.5839495	-0.41847587	0.402088	1.7338197	-0.80634767	-0.2669664	0.89710975	0.9708063	0.13339877	-0.8766589	0.19265947	-0.3404726	0.49829122	1.1544598	-0.008851216	0.97609824	0.34111315	1.4741466
0.3286921	-0.102605015	0.7785296	0.23437756	-0.48954505	-1.3473878	1.6282395	-1.6093673	-0.62773126	0.4325274	-0.093156904	-0.58537227	-1.1424586	-0.2714141	0.63552773	0.06650194	-0.6023144	0.12823085	1.1990243	0.9022785
0.7465678	0.055862866	1.241969	-0.043884035	-1.0757324	1.0090522	1.3868588	-1.5615891	-0.6780903	-1.4613665	-0.94102335	-0.18927485	-0.78657335	-0.4618738	-0.013200002	0.071382575	-0.06915228	-1.1093273	1.0778456	1.867741
0.98352164	-1.2119191	0.416586	-1.1924282	0.41756624	-0.39031106	0.82003194	-0.21482717	0.25356334	-0.61544746	-0.98977065	-0.5635123	-0.44129792	-1.0523689	1.021346	-0.29735944	-1.316565	0.8702614	0.87351894	-0.24071194
0.73763204	0.30760756	0.2894087	-0.5645663	-0.5881363	-0.8085668	-0.78980386	-0.23234104	0.10882632	-0.8957507	-0.9727118	-0.9104861	-0.5734821	-0.74860257	1.4601903	-1.2121167	-0.98000854	-0.37073728	0.18932176	0.7352582
0.6112413	1.825463	0.74867725	0.4643102	-1.0840154	0.35133338	0.98020625	-1.1097413	-0.93018204	-0.41742358	-0.19630367	-0.73934865	-0.46877015	-1.4135176	0.7257243	-0.71999556	-1.1564556	-0.47004437	0.45567235	1.2182096
-1.9270592	-1.2242804	1.3794687	-0.7556064	-0.30169237	-0.6984808	-0.2538267	-0.3413411	-0.41150248	-0.6975604	1.0659546	-0.14230898	0.66605395	-0.7943889	0.367247	1.4740937	0.4134212	-1.3985401	-0.32223755	0.27370203
0.7620416	0.6127912	0.58942735	0.5922824	-0.8659797	0.7008772	0.57877666	0.7100419	-0.950784	0.7341681	0.34821936	0.85850877	0.7312815	-0.68317115	0.85529596	0.45964292	-0.7675741	1.1012994	-0.81293374	-0.16698821
-1.5658274	-0.26962817	-0.32274267	0.70087826	0.35643992	1.3194749	-0.34832302	-1.1027014	-0.3505002	-0.842944	0.88473314	-0.983245	-0.8726373	0.56839585	0.87924504	0.61110175	1.5359591	0.9220881	-0.6591564	0.4464007
-1.0493222	1.439337	0.18415906	1.2047154	1.1724061	0.5909331	-0.6018095	-0.17513439	0.8189228	-0.74407834	-0.7935145	0.33926854	1.3095677	0.80569196	1.6701599	0.91477555	-1.1279458	1.1255028	-0.33924752	1.6148813
-0.7197912	-1.4027005	-0.42806926	0.32041714	0.6965438	0.6542776	-0.59292483	-0.30072415	-1.2543685	-0.20575358	-0.18026316	1.1663209	-0.88482594	0.66465837	0.9238678	-0.6347005	-0.7360475	-0.2564915	-0.9979938	0.24473807
-1.1762143	-0.22820796	0.008167554	1.0241846	0.18382517	-0.463728	-0.43688637	-0.5075911	-1.6735163	0.3824616	-0.17270307	1.2573038	-1.4639468	0.4465952	0.8743969	-0.54257476	0.12641557	0.73761183	-1.145208	-0.2699575
0.92660946	-1.3792356	0.17185985	1.1292703	1.118437	1.0081447	-1.2457209	-1.3007318	-0.6422298	0.4221644	-1.0949572	-0.76893705	-0.062375512	-1.4114244	0.94859636	0.16763324	1.4177204	0.49882752	1.6609912	1.0035945
-0.63842124	-1.1962354	1.3731607	-0.1205956	0.16412193	-0.20601006	-0.28696433	0.30965424	-0.17288664	-0.036536656	-1.6449199	0.22280009	1.095968	-0.022078557	1.2729626	0.9812017	0.06436932	0.5752447	-0.78647166	-0.06308002
0.76868606	0.37917808	0.9149367	0.84497404	-0.75084794	0.65398985	0.32990798	0.76939607	1.1791916	0.59029174	-0.5108741	0.07091414	-0.5325684	0.13698478	-0.5935645	-0.9959569	-0.88686293	0.8914367	1.5324364	1.3494967
1.2992295	-0.8182375	1.3109878	-1.8966935	0.7264643	0.2152193	0.22409964	-1.2888519	0.49392918	-1.2886819	1.0677693	-0.76377267	-0.724638	-1.2650243	1.027176	0.76429725	1.2599912	1.2763265	1.3545702	0.10310695
0.6316606	-0.96965116	1.7621597	-1.3376687	-0.93372494	-2.9172912	-0.19468667	1.9207157	-0.90174824	-1.3606194	1.157067	-1.3753203	-0.2955232	-1.6333328	1.7498081	1.3924499	0.4883144	-1.8051124	-1.3586282	-0.7369817
0.08771284	-0.43775398	-0.032938156	-0.37138474	1.3769503	-1.3638428	-0.5508294	-0.06002497	0.17199537	-0.6783422	0.39287776	-1.4745157	0.51034355	-1.1359398	0.7952993	0.19282089	-0.27289566	1.0920854	-0.677438	-0.04946496
0.053205498	-1.0882958	1.0919931	0.6352759	-0.6755733	-0.3820883	-0.16061597	0.68542993	0.5245749	-1.2234887	0.050179586	0.41117972	-0.16195439	-1.1728837	-1.408355	0.5517182	-0.6827648	0.5421212	1.136218	-0.42587656
-0.8386778	-0.50860906	-0.47922206	-0.646477	0.6003882	-0.2190513	-0.7604406	-0.2962161	-1.462305	0.28561693	-0.9786203	-1.0921353	1.0752493	-1.004493	1.4099373	0.3508189	-0.034156937	-0.21647017	-0.31778264	0.11004268
0.7560389	-0.7191452	-1.0531499	0.87675756	-0.4659913	1.157912	-0.6866483	0.5516816	0.14764215	-0.08957892	0.7955733	-1.1117313	0.34205726	-0.46817118	0.70805234	0.98396057	-1.0196366	-1.1408172	-0.6716122	-0.9724143
-2.0749192	-0.20722291	1.9373024	-1.2409465	-0.81791157	-0.7655166	1.7110683	0.537755	0.5582764	2.0677867	1.4143496	-1.467039	-0.51342374	-1.0415308	1.5621748	1.4588996	-0.8373794	0.88873535	-0.8005513	1.0342753
-1.0471411	-0.87920797	-0.20483094	0.2525496	-0.0056669293	0.9207571	0.51735693	-1.3397363	-0.6636042	-2.0430498	-0.7662922	1.2736481	0.11640734	-1.7481198	-0.85511637	1.261094	-0.6702972	1.6784177	0.9390963	-0.43358013
0.4946871	-0.45520303	1.1488339	-1.5892817	-0.19377136	0.11145258	-0.6044468	-0.6817654	-1.1920199	-0.95758677	-0.21001902	-1.5315576	0.42117146	0.28293684	-0.16437063	0.17686594	-0.6270776	-0.6130139	0.4375143	1.1081451
-0.57914835	1.3200935	1.0800464	0.93007267	0.6956724	0.84490526	1.7705584	1.6763216	-1.4103912	-1.1074106	-0.726403	0.19127828	-1.3366497	1.474097	0.088236734	0.7198613	-1.0820695	0.12603725	-0.09346309	0.755737
-0.88201195	0.13319503	0.97105634	0.455886	1.5554568	1.3489909	-1.6223173	0.18967396	1.1295756	1.256333	1.0146936	1.336701	-1.0594418	0.34744173	1.2343522	0.9668652	0.59661484	1.59076	0.2241811	1.0489337
-0.20419154	-0.7588041	1.5567333	-1.01922	1.1432112	1.348047	-1.5941117	-1.354364	-0.70219386	-0.30210054	0.9034338	-0.6374057	0.19356054	-1.1187539	0.94943506	-0.47835407	0.89834815	0.12127063	-0.42007235	0.23320492
0.9505347	-0.98378605	0.62018025	-1.5014906	0.8994869	-1.6410127	-1.3931669	-1.3992525	-0.1141005	-0.64450485	-1.3987155	0.039864223	1.2197337	-1.1561527	0.91216505	-0.47865418	0.8412596	1.1878994	0.8401272	1.7870424
-0.67844313	-1.215814	-0.86307585	0.84741604	0.72754	0.16263118	-0.7238111	-0.44370997	-0.42395726	-0.46383303	-0.60506713	0.9302937	-0.75548416	1.2677205	0.6969657	-1.1133478	0.67414725	-0.9748688	-0.73255754	0.7502967
1.4114352	-0.6739956	0.1919519	0.96869284	1.2884092	-0.8244663	0.60738814	-0.5246308	0.709119	-0.94262224	0.28626856	-1.7749459	1.5760317	-0.50200975	0.94485104	1.2919302	-0.9927026	0.82608205	2.42995	-2.1290965
1.0508366	-1.3939234	1.2467629	0.38693625	0.8275573	-1.2955959	0.33662915	0.26542634	1.5703465	-0.25394833	1.5269532	0.89560604	0.24125879	-1.1038233	0.9259914	0.88287944	-0.4964251	0.68110377	0.7021815	0.1962067
-1.562497	-0.91376656	-0.033208985	1.1114115	0.07790893	0.40502053	0.29597434	-1.6295997	-0.7060792	1.0166805	-0.9660209	-0.6236573	1.3594018	-0.60943615	0.9998045	0.9191565	0.12253063	-0.123143435	0.38979095	1.4038548
-1.2799994	-1.0503442	1.7321074	-0.17628561	1.3911386	0.3604449	1.7333084	1.4031346	-1.526979	-0.15281415	0.9986263	1.4293467	-0.4611034	-1.2418458	-0.18793161	0.37234154	1.1442986	0.7414673	-0.33022925	1.8193716
0.14601684	-0.6983862	0.9269238	-1.1145484	-0.18244381	0.72502446	0.51989836	-0.7376724	-1.4862189	-0.17357256	0.28738517	-0.7684964	1.368318	-1.9309139	1.0877951	-1.3746979	0.63879275	-0.41405922	0.36411935	1.6360503
-1.1108764	-1.340803	-0.050252877	-1.4508083	-0.054705158	-1.9502809	0.9926093	-0.82522583	0.32245108	0.7272912	0.21653663	-0.88937074	0.95641214	-1.3373976	0.17656356	0.7683062	-1.4324319	-1.039348	-1.0821179	1.8933121
0.105300985	-0.054253135	0.6033268	0.70893717	-0.82279396	-1.5869025	-1.2627519	1.8334907	-0.9209455	0.54777384	-1.3529792	-1.2807766	1.5395609	-1.4433612	-1.5956674	-0.26356336	-0.8715993	1.6208403	-1.3860214	1.391431
1.1242814	0.742539	0.42781666	-0.6105568	1.1168077	0.82539546	0.8749231	0.9209554	0.8684982	0.63278383	-1.0859528	0.32316953	-0.055019177	-0.73542464	1.2606634	0.5566894	-1.2899067	0.3874234	1.2618692	0.24877043
-0.8250026	-1.5520171	-0.9739542	0.95738703	0.883555	0.72861624	-0.8837034	-0.8703419	-0.98801106	0.13017432	-0.8864104	0.7834736	-0.75927156	0.10582863	0.22235358	-1.3364643	0.83971184	-0.6688593	-0.80672765	0.6797936
-0.2794567	-0.7828828	-1.0388203	0.15346628	0.9255232	-1.2857783	-0.73070526	-0.88597095	-0.7507039	-0.4667878	-0.651848	-0.059396368	-1.8662225	0.14011933	1.2862446	-0.8601583	-0.44855267	0.62601286	-1.4035859	1.6392709
-0.75854355	-0.6187958	-1.0448087	1.2195597	0.47401866	-0.09233679	-1.529065	-1.4533927	-0.473996	0.39403734	-1.3459405	1.1482514	-0.10083631	0.7021537	0.65940434	0.7497807	-0.025035288	-2.3437564	-0.7360796	0.2960477
-0.09317188	-1.2396532	-1.0553777	0.7783891	1.3523438	-1.4964701	-1.1649584	-1.1549268	-0.4644673	0.19185556	-1.2618622	0.96637034	-0.41535348	-0.22912191	0.8174362	-1.1058823	-0.18056038	0.5153239	-0.62774414	0.8773765
-1.002502	0.041305196	0.8411064	0.38681158	-0.30826557	0.8760092	-1.9819008	-1.6172473	-0.41759655	-0.37637597	0.4163551	0.29452935	0.695062	1.7937317	-0.4734035	1.4433079	0.39486733	0.60816973	1.6537087	-1.3686135
0.20427166	-1.6993403	0.34120408	0.5653792	-1.2167839	-0.12382032	-1.7575246	-0.28029048	0.28493804	0.5075256	-0.89043933	0.86797	-1.1805291	-1.8231702	-1.8893661	1.177291	0.4155225	-0.45021415	-1.1865565	-0.4400473
1.075908	-1.2063605	1.4282193	1.054429	-1.5636137	-0.43944308	-0.7482168	1.7765958	-2.2533178	-0.8415584	-1.4829564	0.43743083	-0.4916698	-0.5249487	1.093615	0.99139637	-0.08132065	1.0766368	1.8033262	-1.0506854
-0.35658327	-0.6166186	-1.0076281	0.8810414	0.14139426	-0.12774245	-0.7714065	-0.71087486	-0.73880136	0.6790314	-0.68760556	1.1193014	-0.68650776	0.2484391	0.7419256	-1.3420819	0.6092068	-1.5004698	-0.9163304	1.3529757
1.241613	-0.4149537	1.4896288	1.5985205	-1.3104144	-1.2288057	-0.9589062	0.8766179	1.1938121	-1.3091459	0.69990456	0.29121643	-0.64890504	0.19432136	-0.8395315	1.2119519	-0.0012053736	0.6010664	0.9443226	0.10867967
0.750766	1.3937632	0.86512357	0.80596125	-1.0404935	2.3140817	0.110385805	0.27290335	-1.5715308	-1.5439	0.50688934	-1.4491613	-1.8437839	-0.42146158	-0.8433519	1.0416697	-0.7286586	-0.8508699	-0.48164204	-1.1480728
0.99244136	-0.99875987	-1.0211164	1.2040626	-0.5956667	0.4915009	1.5021322	0.67455775	2.0509024	-1.1299835	0.91040635	-0.9205646	-0.90891033	-0.2196994	0.21069637	0.69247484	-0.11094638	-0.779905	-1.1493254	-0.931091
-0.827866	-0.22404002	0.62285525	0.26043573	-1.0990493	-0.03624514	-1.6680797	-1.8909584	0.89645344	-0.55004495	-1.2298481	0.66256255	-0.1058422	0.05312619	-1.1058182	1.099938	-1.4853787	0.99159795	1.3747972	-1.1598785
-0.810852	0.6767604	0.43930197	0.5646517	-0.92718816	1.0143888	-0.98736054	0.06270223	-0.8479385	0.45276016	-1.1113371	0.81920683	-0.60065377	-0.3770761	-1.0724355	1.0476408	-0.7954542	1.1735617	1.3663903	-1.10054
-1.2573342	0.45264056	0.2533243	1.0273558	-0.013441837	1.0941526	-0.27159473	-0.4258223	0.119586214	1.0190094	-0.069272175	0.8277864	-0.88191277	-1.2189168	-0.62849534	0.49944383	-0.90262437	0.936107	1.4899242	-1.0526682
-0.98690814	-1.0648905	0.65317863	0.3741353	-0.7771275	0.21673045	-1.1158091	1.3114164	0.4138055	-0.97398025	-1.4297549	1.0343008	-1.0719433	-1.2020687	-0.35796168	1.3904817	-1.0226762	0.99206847	-0.81321955	-1.1322365
1.376706	0.38844222	-2.0614307	1.3302394	-0.513433	-1.7193043	1.448302	-0.78454584	-0.92427564	-1.1512697	-0.8422363	-1.1817151	-0.808746	-0.8526379	1.2110933	-0.6371948	-0.13756806	-0.37912613	1.8701565	-0.19693495
1.1081313	1.1232836	0.9252351	0.764456	-0.6131795	-0.7440005	0.54820913	-0.96205354	-0.7081668	-0.7174161	-0.98194563	-1.6134579	-1.0657746	2.0524185	1.2923945	1.6306441	-0.90378547	-1.1662453	0.9333914	-0.8996525
1.1606176	0.24738327	-1.4188793	0.69438696	-1.1587788	-1.0562284	0.96067095	-0.76816493	-0.70771223	-0.96172523	-1.5910171	-0.8139137	-1.228744	-0.4113925	0.7271625	2.6686075	-0.7417813	-0.87473434	0.3816406	1.0833862
0.83673674	-1.1569426	0.83812994	1.0722196	-0.09090851	-1.6586494	-0.8232207	0.31587413	0.7391152	-0.77918977	1.5982604	0.7659751	1.5704497	-0.99933296	0.1675402	0.8447917	-0.9466316	0.12240457	1.7371607	-1.4038844
-0.8049713	0.677222	0.30191243	0.39759547	1.1992738	1.190588	0.66232526	-0.35981712	0.52758175	-0.96843976	-0.5918103	0.90003127	-0.80219275	1.7069204	1.7913299	0.6633759	-1.123743	1.027177	-0.65613335	0.49447712
1.4678588	0.562363	0.031339433	0.35822612	-0.8763906	1.3226061	0.96552575	-1.0957804	0.03859217	-0.79511803	-0.5627686	-0.9097518	-0.9323239	2.4723282	1.933639	1.4792168	-0.67632055	-2.004166	1.0309496	-1.0137603
-0.40714684	0.3368737	0.45066255	0.4364199	1.5120324	0.6786023	0.69209564	-1.5425159	-0.8805863	0.61118215	-1.2382127	0.6431746	-0.65756696	-1.2569255	0.1061127	0.8828591	-1.6764246	1.348002	0.4716969	0.38255733
-0.68107575	-0.9743774	-2.212226	0.42577794	0.94220334	1.200542	-2.2246196	-1.5785296	-1.4792211	1.4105995	-1.2870086	-0.13933644	-1.155009	0.48159683	1.1031195	1.4319763	-1.5248531	1.328959	1.3866764	-1.3416564
0.6546766	-0.60940886	0.12791175	0.90351695	-0.22067094	-1.491633	0.8556901	-0.23773378	-0.53025377	-1.5635276	-1.9902607	-1.1642762	-0.98590183	-1.3270934	0.9035377	2.5133915	0.65204704	0.03854642	-1.1063635	0.7710189
-1.4966036	-0.8713439	-0.80787265	1.5212147	-0.5642207	1.1630701	-1.4954298	-1.2117563	-1.05167	1.2148466	-1.3809264	1.6532102	-0.646335	-0.79784566	0.38790447	-2.1699293	-1.6575152	0.6446944	2.199925	0.5463381
0.9496963	0.54772174	-1.095481	0.20145242	-0.7065483	-1.0133868	0.5257481	0.84269804	-1.2294399	-0.81003517	-1.5988324	-0.68817705	-1.03892	-0.38606334	0.82607806	-0.2987967	-1.4785434	-0.90365535	-0.033573404	0.7400133
0.62294143	-1.2458875	1.3710217	0.73059493	-1.6574821	-1.3641458	-1.2994229	-0.2376594	1.6097368	-1.0229837	1.2680644	0.54134774	1.1163423	-1.5934249	0.26772368	1.2423868	-1.5036685	1.0276569	-1.0894141	0.05593651
0.34437647	-0.8350079	1.3201061	0.99886596	-1.211291	-1.1659769	-1.1887057	-0.18458953	0.8845383	-0.030155003	0.6998097	1.0302024	0.83411616	-1.4885669	0.9902601	0.6745876	0.73390186	0.95125484	2.1589031	-1.7338043
0.93300974	-0.9139956	-0.9113064	1.7582238	-1.5519172	-1.3033252	-1.350651	-0.18650919	0.11940342	0.14805475	-0.5715341	-1.3314623	-1.4083313	-2.0144563	1.6680138	2.0565343	0.8937036	-1.3048406	-1.4609537	0.5649048
1.0075979	-1.1498226	-1.2377427	1.7305526	1.0735081	1.0687523	0.36505067	-1.1206172	1.2454166	-0.48044586	1.5561713	-0.7454731	1.1396744	-1.5738044	0.25391987	-0.10042663	0.51487136	1.1368773	-0.21459807	1.3484275
-0.5947222	0.014768155	1.1344059	-1.4575684	-0.06981489	0.0009732296	0.5041385	-1.5595315	-1.6723467	-0.006939891	-0.19660658	-0.6250312	-0.72757274	-0.99843204	0.2858	0.09457193	-0.72015494	-0.33294165	0.5539144	1.0794512
1.5181246	-1.0627108	1.1439376	1.9552627	1.2947217	1.3529565	-0.27906102	-0.41960415	-0.030103443	-0.32167023	0.4918786	-1.4200194	1.225873	-0.020875528	-0.5978481	1.3591892	1.1919885	-0.036201097	-0.8122693	0.31289974
0.6437068	-1.0536133	-1.3182683	1.0905502	0.95869577	0.92859	-0.80406475	0.83751404	0.9556511	-0.7218642	1.1395291	-1.116573	0.97560006	-0.6803322	0.7728771	0.88349795	0.20490296	1.1520543	0.8145594	0.15652207
0.4046232	-0.14413825	-1.0928748	0.34589127	0.7012708	1.2171179	-0.94902825	0.9818241	1.3957808	-1.2354962	0.9397836	-0.45674005	0.19345902	-1.1339393	0.6276137	0.7584943	-1.2175217	-1.0628906	-0.7558083	-0.6086327
1.0000789	-0.16130953	-1.0346847	0.7717288	0.17787407	0.23349126	-0.9459926	1.0121179	-0.14857143	-0.638852	1.078575	-0.9793882	-0.6863983	-0.4661293	1.0040859	1.1354704	-0.6543428	-1.2988257	-0.8505537	-1.3586956
0.77939385	-0.12303784	-0.9523571	0.77351844	0.83644485	0.6178902	-1.1711181	1.145509	1.0618162	-1.3493655	1.8741472	-0.7987318	0.7982315	-1.0991287	0.8358979	1.0119908	0.12853456	-1.305253	-0.9122516	0.61703724
1.5346154	-1.0359977	-0.59493685	0.14095268	0.032045722	1.6292193	-0.78973573	0.24910899	0.52762544	-2.033946	1.6110392	0.52928257	1.0576959	0.027716523	1.4286917	-0.100391224	-0.39388108	-1.2396384	-1.2780467	-0.5841769
0.5507672	-0.24086037	-1.055537	1.1656383	0.93162984	0.44116265	-0.5937536	0.9586788	0.21654654	-0.5340775	1.3231305	-0.8757193	-1.0299801	-0.29153946	0.9182885	1.1374923	-1.2779369	-1.2471263	-0.8071603	-1.0555329
0.70885766	-0.3287831	-0.9217035	0.93300855	-0.65634465	-0.32868817	0.8801666	0.7471971	-1.1428671	-0.6202718	1.2718402	-0.82815856	-0.82275563	-1.037362	0.9270524	0.79771036	-1.0567619	-0.4903854	-0.23915772	-0.6585419
0.3711015	0.11607339	-0.55490243	0.6846702	-0.6374924	-0.45833665	0.86185515	0.878022	-0.8817591	-0.15407254	1.5906563	-0.29948735	-1.273759	-1.5014484	1.3934954	1.1547765	-1.9118001	-0.23290335	-0.3869716	-0.13604471
0.7951347	-0.7452925	-1.1766853	0.89263	-0.9382924	-0.46951824	1.4253348	0.88749063	-0.63672787	-0.7412426	0.32173815	-0.96910334	-1.206022	-0.5980385	0.7964883	0.9557873	-0.82065696	-0.772096	-0.90996236	0.48893574
-1.1914172	0.4489689	0.75314724	0.457328	1.6422001	0.8322347	-1.0377122	0.31238455	-0.5987457	-0.76565486	-1.4972813	0.25257635	-0.48487908	1.233303	0.7898504	1.0471826	-1.1926405	1.0081922	-1.0011607	-0.33846748
-1.3035103	-1.3086597	1.5193601	0.4355033	-1.1346986	0.8098468	-1.6287502	1.8018551	0.93199396	-0.7789561	-0.4031267	1.1814635	-1.6946361	-1.2482498	0.21807946	0.77878654	-0.78869325	0.87210685	-0.59722674	-0.74001163
-1.1850467	-1.2243979	0.4254777	1.2810059	-1.0763772	1.0195436	-1.1583401	-0.23723784	2.2178628	-0.69557214	-0.6438501	1.2952627	-1.1394854	-0.5377375	-0.51652056	0.8852829	-0.7065202	0.70539606	-1.0621203	-1.1413846
-0.56027174	0.71596074	-0.28147438	0.32571387	-0.9729797	1.3177652	-1.5620098	1.3723675	-1.6876426	-1.1064898	-0.89327264	1.3912532	-1.2237914	-1.6199288	-1.0185473	1.0957645	-1.2289566	1.1505629	1.225211	-0.6473616
-0.628398	0.8426238	1.445411	-1.4450877	0.8397134	-0.67799	-0.5641737	-0.012516798	1.2141024	0.34946415	0.6026762	0.19672377	-0.92583984	-0.83537495	1.2757593	0.7034772	1.2696205	0.15241489	0.9045241	1.1416503
-0.54155487	1.6321121	1.4869016	1.068642	1.2204863	-0.8714085	-0.9392782	1.4665679	1.0161834	0.5599463	-0.6643341	-0.86752224	-0.6803767	-0.8649389	0.43754014	-0.4466302	0.02696067	1.3835377	-0.7670335	1.8216633
-1.244649	1.8224344	1.2117757	1.0099442	1.0191784	-1.268925	-0.7795829	-0.015492677	0.59550416	-0.34215033	0.66901684	-0.76862234	0.4522611	-1.5821	-0.0929836	-0.63749087	-1.0113215	0.65863496	-0.8531339	0.72701955
-0.17646934	-0.43910003	1.6700983	0.55880594	1.2268239	-0.19661137	-0.5328288	0.6369942	1.4171925	-0.4137753	0.7787263	-1.8223282	1.663936	-0.84048736	-1.7642031	-1.6638255	-1.9453413	0.36770967	-0.6528436	-0.027688097
-1.3553704	1.4422219	1.2125154	0.77573496	0.73808414	-0.7943845	-0.5268417	1.1485515	0.55123013	-0.79257214	-0.67167056	-1.0807009	-0.04836225	-0.7417195	-0.34335864	0.63246006	-0.40994155	1.0159526	-1.2750119	0.9746001
-0.5470789	-0.077515416	1.0299516	-1.3074515	0.8115592	-1.6332197	-0.6340242	-0.89194334	-0.02804849	-0.7008618	-0.54953796	-0.27670264	-1.9591911	-1.1386935	1.4493021	1.0116717	0.47769514	1.5620497	-1.0940924	1.321587
-1.8210131	0.54737747	1.2687273	-0.6511512	-2.049575	-0.21837288	-1.2386645	-1.4522289	1.3258266	-0.75846684	-0.69200516	-1.5495472	1.3622612	-0.013072479	-0.75720215	-0.48124576	0.07700401	1.119436	-1.0554408	0.20640509
1.3385252	2.2103775	1.6737856	1.3542	-0.298718	0.7560645	-1.1088364	1.389933	1.539912	0.29709432	1.8806465	0.04970694	0.06824233	-2.2630894	-0.9827642	1.239186	-0.24377178	1.5036387	1.1868073	1.3248593
-0.84485376	0.53519326	1.4656223	1.4338996	0.99992704	-1.3632418	-0.9823898	-0.27004704	1.2768352	-0.32742727	0.90367866	-0.9801024	0.08206535	0.18302229	-0.460358	-1.0662442	-0.6920819	1.348469	-1.0679154	2.0787644
0.4194813	0.4134274	-1.1862203	0.87862754	1.0504162	0.64510864	1.007504	-1.6273979	-1.222876	0.22918218	-1.1024219	1.0788248	-0.86403453	-1.2554423	-1.9201915	1.3234091	-1.0355066	1.0112022	1.3909193	-0.3704909
-0.015194767	0.9744461	0.7335783	1.2520072	-0.35446543	-1.1019741	-0.9600934	1.386802	0.97774994	-0.14554913	-0.86241555	-0.62711823	1.4080393	-0.7915189	0.00017619747	0.5626676	-0.96369356	1.3456943	-0.5817533	0.9076427
0.0069159754	-0.033639863	0.017844353	-0.021140492	0.04282422	-0.04425	-0.022049332	-0.045439757	-0.013046395	0.03987172	0.0136514045	0.03440762	-0.012076773	0.04155154	0.008237958	-0.028555585	0.034712825	0.023510467	0.026903603	0.041620422
0.04107323	-0.040040195	-0.008795489	-0.021828556	-0.044802427	0.011611104	-0.015543379	0.041469347	0.04050347	-0.009731423	0.021690395	0.027948622	-0.049791694	-0.0075076	-0.036048114	-0.008350741	0.034311537	0.019104514	-0.016795732	0.04718036
-1.3735123	1.5821388	-0.026724828	-1.004303	1.2429252	1.2261899	-1.19602	0.5976842	0.7678743	-0.34307253	0.99833184	-0.2484738	-0.61787456	-1.5747612	0.8060639	1.4038947	0.70804507	-1.4062544	0.28849018	1.3565624
2.341434	-0.16209766	1.2502781	-0.5540007	-1.870244	-0.69068235	0.29464772	-1.5382346	-0.19183744	-1.0625397	-0.6817716	-1.5030926	-1.9121739	0.8518736	-0.50493646	-0.8557895	1.4101441	-0.89416337	-0.64795667	1.5148962
0.020441208	-0.048312675	0.0015924945	-0.024548804	-0.049985148	-0.013091363	0.005741488	0.02385756	-0.04445937	0.047574315	-0.038073875	0.027865637	0.029993001	0.044155646	-0.04748688	-0.024116218	-0.023576772	0.0011686683	-0.025759114	0.049062636
-0.03167485	-0.023450756	0.046868194	-0.024579823	-0.025542473	-0.02750541	0.036786858	0.04055697	0.0028288588	-0.019523157	0.019243184	0.045805942	0.039511178	0.037235502	-0.042830765	-0.015208852	0.030718293	-0.018686213	-0.015847325	-0.0032917745
0.0034815446	-0.03240192	0.013787869	0.02085096	-0.031516746	0.03052323	0.033946548	0.014440525	-0.024695277	0.0017286912	0.002012886	-0.045621622	0.018432926	-0.028472615	0.032330584	-0.002077721	-0.030462801	-0.036978018	0.021985676	-0.038088273
-0.9950803	0.9766107	0.83029985	0.9249956	1.7277331	1.2560842	0.88479495	0.29251963	-1.3142859	-1.1087445	-0.38984507	1.1147393	-1.0988442	1.1660748	1.3634301	0.9514734	-1.1595118	1.1057147	-0.354535	0.3288887
0.10139069	-0.23881643	0.9649705	0.3007347	0.3499854	-1.582862	-1.306783	-2.1464095	1.6160834	-0.467611	-1.2102706	-0.4797096	1.2786676	-1.0254357	-1.6064608	0.36418605	-2.045176	1.1075655	-1.2412711	1.6625378
1.4619803	-1.7041911	1.2215554	0.8888467	0.38943937	-0.43091923	-0.68759626	-0.5182922	-0.61729705	0.90134954	-1.5589842	1.0803303	0.01637698	-1.3041285	1.3175753	-2.176166	1.5606952	-1.9591928	-1.5799551	-0.47797033
-0.007841326	-0.016574979	0.04995246	-0.022513032	-0.004781842	-0.008292712	-0.036752533	0.036455106	-0.031116283	-0.014178671	-0.035274588	-0.02408178	-0.040211488	-0.044759836	-0.041482545	-0.026739765	0.042328093	-0.025275124	-0.041346453	0.005402267
-0.018214703	-0.0029845946	0.03991348	0.025863353	0.005549133	-0.036069345	0.03428254	-0.012194585	-0.03676046	-0.013532482	0.020134639	0.019637834	0.039868895	0.01765484	0.047094297	-0.010750473	0.01799405	0.040096868	0.003745176	-0.026681626
2.3994176	1.2620448	1.5168077	-1.7775456	2.434328	-0.68183887	-0.8022774	-1.129211	1.5001224	-0.049437735	-0.16426153	-1.772634	-0.9526926	-0.8928523	1.6893072	0.6256316	-0.6637768	-0.27546987	1.4731641	1.0762596
-1.3606303	-0.9225625	0.43425715	2.2132149	0.75854266	-1.6488181	-1.1831895	1.1767664	0.9165305	1.7742751	1.5789558	-0.88654184	1.0099546	-0.3029211	1.181885	0.6252028	0.94272393	1.044579	1.598336	-1.3328089
0.030379679	-0.005595077	0.008936286	0.025444452	-0.04580419	-0.010689128	0.04642692	-0.035702836	-0.007043265	0.014903698	0.024800483	-0.04434953	0.033444356	-0.035956908	-0.016488217	-0.01383432	-0.04284816	-0.01969788	-0.02314322	0.023864519
1.9842694	-1.1193361	-1.7658592	1.0072008	0.28645912	1.0314246	-0.743074	0.97973377	1.0522358	-1.190541	0.69631445	0.9005499	1.5349264	-1.1582316	0.58768696	0.8945398	-0.25770482	1.6087716	-0.26576242	-1.3774071
-0.0150728	-0.024995709	0.016941037	-0.020249022	-0.037621487	-0.039149713	-0.049174525	-0.026987506	0.04466789	0.040070225	-0.04803903	-0.0072843805	-0.008333646	0.031978454	-0.0069470033	0.028601993	0.0034151897	0.0042936914	-0.017020095	-0.043985058
-0.045487892	0.020810988	0.026713062	0.048044074	0.0155362	0.025216866	0.01016159	-0.013157081	0.005160164	0.028751086	-0.0016050711	0.044765916	-0.009589005	-0.025529122	0.0015121475	0.037709538	-0.020178234	-0.03927822	-0.004959129	-0.011909209
1.1379277	0.93722355	1.1774	1.1935614	-0.6667135	-0.48935074	-1.0192456	1.4416982	0.54360604	-0.69314134	1.3481392	1.3135597	1.0784796	-0.3754881	0.7191348	0.97560376	-0.14886007	1.2219586	-0.98132586	1.3828915
-0.00438527	0.04999021	-0.009906985	-0.03600409	-0.009396829	-0.04673369	0.03869773	0.023016084	-0.022371663	-0.018150605	0.046615373	0.0114104375	0.038861763	0.0033345	-0.028089786	-0.028598523	0.0034319162	0.022410538	-0.04289441	-0.04647212
1.0255429	-0.896991	-0.6518746	0.41613802	1.1922401	0.9456497	-0.74710774	0.5730905	1.195961	-0.4701871	0.82709587	-0.045506887	1.2158315	-1.121026	0.9421446	1.1583962	-0.50509715	-1.075376	-1.140854	-0.9701109
-0.46919847	-0.5145776	-0.104667306	-0.037686847	2.1180944	-0.59843016	-1.7776564	-0.712857	-0.032943532	1.8676177	0.56493473	-0.25988486	0.77588224	-1.1609769	0.55562073	1.7610531	-2.0512347	0.22039606	-0.5769019	1.1027453
-0.79315335	-1.4870564	-0.6299981	0.67863864	0.7406027	-1.4158684	-1.2172438	0.7472046	1.2553506	1.7552881	-0.91655725	1.2179174	-0.35127938	-1.1642634	-0.91772544	1.6164663	1.3412225	-1.2882881	0.71367365	-1.0426174
0.026925493	-0.003573142	0.007876493	-0.0003646724	0.02372327	0.03938699	-0.015902687	0.024414752	0.035930876	-0.036398698	-0.049582746	-0.008924436	0.020451892	0.041452456	-0.0110544935	0.034125414	-0.046845485	-0.026698995	-0.048689224	0.022089388
-0.85385746	0.7372035	0.91622186	0.7183383	-0.29891792	-0.3430653	-0.78978634	0.7450596	0.64822954	-0.5875764	-0.8747392	-0.35841674	0.57375085	-0.13002382	-0.64890355	-0.6516805	-0.6397949	0.898164	-0.9202028	0.7903535
0.032309894	0.017685022	-0.03893453	-0.0016587488	-0.019887244	-0.015407193	0.018686835	0.03690627	-0.007859826	-0.024170399	0.041353654	0.0021994486	-0.022452665	0.0016173348	0.029151443	0.00866387	0.020202849	-0.0074519403	0.009652317	-0.026703192
-1.1397947	1.0321769	-0.7489603	1.3635404	0.4908622	-0.8827071	-0.6389912	1.039015	0.8638621	1.189538	-1.3198934	-1.4273444	0.6145944	1.2764318	-0.43896788	-0.7646839	0.99334365	1.0995326	-0.8427926	-0.7037691
-1.0990802	-0.35082257	1.0196319	-1.006168	-0.25713813	1.3355792	0.86983174	0.84027606	-0.61908805	-1.0554043	1.4402874	-1.1282624	-0.2698366	-0.63611233	-1.1323389	-1.1720273	0.5687936	0.21227251	-0.8115148	0.940897
-0.7081134	-1.2071202	0.9552894	-1.509096	0.89738935	0.5095842	-0.398721	-1.2854698	-0.712532	-1.5612537	1.0290725	-1.3981701	1.8454059	-2.0675886	-0.35312265	-0.6481051	0.97421664	1.3234522	-1.379271	-1.7752177
0.008768164	-0.048124027	0.030683603	0.014624085	-0.015499294	0.000505019	-0.014712833	-0.03428501	0.036851373	0.03190675	-0.042608287	-0.043945324	-0.034950398	-0.03506007	0.04155392	0.035958443	-0.045132816	-0.03283324	-0.018513381	0.0101443045
-0.57262516	0.24256605	1.9642946	-0.29110587	0.95909005	-1.0777994	-1.1616013	-1.1658789	-0.56484634	-1.3917559	1.4422448	0.8306474	0.35477427	-2.2923994	-0.83534384	0.41373158	1.3195485	1.5368118	-1.8054466	-0.45090514
-1.2808672	1.5515964	0.25608525	2.2462246	1.2090502	-0.47988954	-1.8749317	-1.807898	1.292199	0.3414886	-0.72092134	-1.695405	1.962698	-1.8980631	-0.33363134	1.1352342	1.2688891	1.3644452	-0.9183312	1.290765
-0.02046982	-0.0487615	-0.047350336	0.011801757	-0.007170677	-0.038694203	0.0030120611	-0.04127425	-0.031320143	-0.01950494	-0.019130064	-0.038778007	-0.03237971	-0.02517345	-0.0026227124	-0.01869329	-0.03974395	0.016271953	-0.031482354	-0.012320936
-1.8786676	-2.109322	1.2104393	0.5501366	-0.56151944	-1.680764	-0.86837935	0.2571452	-1.7238553	0.9424266	-0.1786514	-2.3209167	1.1009077	-0.06467728	-1.2829945	-0.08010607	0.9644317	0.36408338	0.52401596	1.534577
-0.021370364	-0.0318714	0.02590767	-0.031859636	-0.02094549	0.035774734	0.03216899	-0.020561159	0.034027483	0.032401267	0.005318057	0.007552065	-0.03707955	-0.001612138	0.00092660263	0.009196222	0.038095083	-0.029173529	-0.022949029	-0.034929775
0.038284276	0.02302159	0.04988781	-0.040998567	0.037733186	-0.03435526	0.0447806	0.0041860454	0.019579027	0.043546688	0.0021608584	0.0022877455	0.033845153	-0.026331639	-0.006477058	-0.039311934	-0.010881841	0.03379715	0.0401739	0.00041228533
-0.011030197	0.04160564	-0.0042764656	0.015108708	-0.030642653	0.031868007	0.013763737	0.039376054	0.0063426606	-0.033145465	0.02736688	-0.0016718023	0.02478541	0.024291899	-0.015840769	-0.023088252	0.020545308	0.030729521	0.013289478	-0.017542839
0.03741378	0.037775252	-0.03796319	-0.02285334	-0.046837427	-0.018234491	-0.020007802	0.049391937	0.03645369	-0.021794116	0.030048382	-0.019682229	-0.022330105	0.026077759	-0.035438396	0.040925864	0.020172928	-0.027917791	0.009914935	-0.028908743
-0.027616097	0.022323322	-0.049017657	-0.003974259	0.0038891658	0.007320285	-0.03355982	0.038690988	-0.0009865649	0.030369747	-0.03661549	0.0331141	0.0018616803	0.0016217232	0.038635004	-0.026201546	0.04337878	0.01708771	-0.022312641	-0.048859406
-0.04065925	-0.024740446	-0.032450713	0.028632704	0.04205836	-0.021468772	0.0063286796	0.041297484	0.01914854	-0.02241738	-0.040807974	0.04459722	0.03980856	0.020961333	0.020432021	0.016816821	0.04452646	-0.03199302	0.027472328	0.044212375
0.015234817	-0.047798276	0.028206993	-0.027428985	0.02053095	0.03306258	0.025362443	0.017889414	0.016689707	0.034267846	-0.025757825	-0.037952743	0.0058744065	0.00015673786	-0.040303815	-0.02320757	-0.02663144	0.034625698	-0.04353131	-0.0031117685
0.015099827	0.044789974	0.031174373	-0.045946658	-0.023348857	-0.004866682	-0.0017927662	0.043412957	0.018913273	0.03721634	0.0161595	-0.047267865	-0.015918791	-0.049390115	-0.04314226	-0.006014146	0.025124837	0.024230804	-0.01840689	0.0029719956
0.037578348	-0.043958664	0.0018935315	0.036536682	-0.0444039	-0.037873387	-0.046725046	-0.0077231154	0.03952882	-0.0073652156	-0.024265338	-0.031769827	-0.041237365	-0.034078754	-0.047999788	0.02992377	0.04950403	0.03898472	0.04774419	-0.048215415
0.049622666	-0.038123906	-0.023713136	0.017934788	-0.002067376	-0.024099827	-0.008021116	0.0036825538	0.045385394	-0.008481454	-0.023877883	0.02456588	-0.01982795	0.016434465	-0.0057780035	-0.043724548	-0.027298737	-0.018926358	-0.013466071	0.0012941249
0.009225678	0.02079368	-0.026404072	0.030415956	-0.010521017	0.03806926	0.029046047	0.015136633	0.047662828	0.027709458	-0.046649445	0.0075600147	-0.015748225	-0.01136123	0.041054774	-0.030068744	0.024656896	0.029307973	-0.03676746	-0.018123843
-0.02160498	0.014215026	0.02499665	0.016508747	-0.030604446	-0.048202362	0.040499773	-0.013638936	0.00052111223	-0.027521944	0.025152158	-0.02550335	8.1539154e-05	-0.030362928	0.03803612	0.008770071	0.018056337	0.04392005	-0.039071895	0.012508515
0.7649939	0.79019785	0.6431945	0.62835777	-0.59851444	0.7490847	0.6485011	0.72137666	0.8884202	0.81133175	-0.4300503	0.48275685	-0.41732058	0.5419208	-0.73216176	-0.54838395	-0.72469056	0.7564389	0.59507793	0.9198726
-0.032994032	0.008232214	-0.021871543	0.020943794	0.027566362	0.010886334	-0.0147693865	-0.021962857	-0.03567507	0.013215933	0.026655842	0.02042849	-0.039067257	-0.049865056	-0.042659905	0.042408492	0.022252467	0.0040140264	-0.0065702796	-0.047998082
-0.026833057	-0.049400117	-0.01860211	-0.0074415915	-0.04765295	-0.014220573	-0.006906856	0.008702122	0.033996236	-0.026242876	-0.018023454	0.010779917	-0.016884409	0.0066371337	0.02711704	-0.006363023	0.024936084	-0.015342772	0.043215696	-0.0050940625
0.01944996	-0.027756488	0.022595596	0.025465813	0.045064602	0.044995856	-0.043724086	-0.04221947	-0.036386035	-0.028621232	-0.049730457	0.0013240352	0.04937109	-0.033516217	-0.034744035	-0.012426328	-0.037246298	0.044246804	-0.020542836	0.031563926
-1.8888605	-0.8892102	-0.7057907	-1.5638521	1.7207825	-0.2884425	-0.9773257	0.23232298	0.8174646	-1.1407105	-0.7282413	-0.9404636	0.48171997	0.48014846	1.0420052	1.4742382	0.42949262	0.104744345	0.47602725	1.6360176
0.0072393194	0.029651906	0.038639095	0.03508443	0.008845411	-0.048413455	-0.021698391	-0.04324236	0.020401228	0.044724	-0.039013088	0.032466564	-0.030074513	0.020169858	0.0099845305	-0.01033907	0.013029303	0.019288208	-0.021499336	-0.011431564
0.011323523	-0.041605424	-0.011212159	-0.044601776	-0.023662556	0.044393647	-0.020599771	-0.047459997	0.037797753	0.0066755787	0.003286086	-0.040540207	-0.036085892	0.04655185	-0.029294372	-0.030576492	0.011791825	0.0034537688	-0.044944286	0.022050153
-0.04041921	-0.048842143	0.04058328	0.04014205	0.017967049	-0.005671609	0.030496862	-0.004027508	0.03406178	0.045158114	0.03705186	0.036330808	-0.04750624	0.044988994	0.025373366	0.032326948	-0.04625404	0.025107209	0.024058018	0.0076130405
0.03019097	-0.019633079	0.04518647	0.01023265	-0.0038172118	0.009625662	0.021467935	-0.034240413	0.03183109	-0.02709837	0.021538887	0.031720135	-0.04351119	0.03994968	0.02881452	0.021678578	-0.0077163093	-0.027190674	-0.016445111	-0.018346786
1.3055946	0.83403635	-0.22911951	1.1883093	-1.0142577	-1.4160947	1.0021	-0.34245986	-1.0522629	-0.9537812	-0.8138312	-0.89772725	-1.0458099	-0.083734155	0.2006961	-0.9606085	-1.002078	-0.66681665	1.6335104	0.45494717
-0.012044299	-0.023513425	0.005625725	0.029413152	0.007450603	-0.004264284	-0.010207307	0.031233583	0.028576147	0.046626236	0.025012348	0.004389681	-0.011578143	0.011663485	-0.04519391	-0.040999364	-0.026547527	-0.027103221	-0.021025945	0.038823236
0.034916166	0.038731705	0.019837465	0.017616097	-0.015012432	-0.0030087717	0.029193725	-0.03380891	0.033828642	-0.033971928	0.023244563	0.031247724	-0.025709523	-0.0065441728	-0.046049546	0.039465953	-0.025157059	-0.04178958	0.019224156	0.04281253
0.4010124	0.10833642	1.4432015	-0.20356493	0.29155192	1.442871	0.8482351	-0.22485398	0.75599164	-0.84100896	1.2741531	-1.4254017	-1.4174032	-1.4497415	1.7472425	-0.20662689	1.2635038	1.1013403	-0.5323203	1.1931422
0.03661338	-0.037513576	0.019462038	0.044754934	-0.0018496886	-0.010605596	0.023449946	0.02727903	-0.04840244	-0.003794182	0.0043582693	0.005535461	-0.004693188	-0.042298865	-0.049251534	-0.002496183	-0.014987338	0.0028981678	-0.028177012	0.0025536641
0.037893284	-0.03963276	0.020804022	0.026967023	-0.001147449	-0.0496951	0.04564834	-0.030515134	-0.047575474	-0.030426228	-0.009623766	-0.046267677	-0.009653188	-0.02800386	0.012042355	0.019586135	-0.04825599	-0.019444538	-0.0027343258	-0.041666724
0.035634223	0.02451979	0.014226768	-0.034400236	0.020762134	-0.045144796	0.045315478	0.02691878	0.02337921	0.044223454	0.005739022	-0.011883177	-0.031227637	0.020227361	0.0008106455	-0.049853515	-0.016692616	-0.0032790415	-0.048822045	-0.01962055
0.026118327	-0.024861205	-0.014591314	-0.043444205	-0.04946977	-0.0075269826	-0.03808676	-0.03245877	0.044295076	0.047273744	-0.03401481	-0.044320084	-0.03464391	-0.0129807815	0.045299303	0.044189658	-0.018363368	-0.003522478	-0.01584252	0.016417217
-1.8353764	-0.9273042	1.7718456	1.5154159	1.6388456	-1.0320612	1.9459995	-0.99250364	0.27822843	-0.48702943	1.8207293	0.37670112	-0.4785244	-0.49652705	1.322632	1.9813004	1.2194704	0.70789707	1.152004	-0.80412376
0.03877354	-0.037710845	-0.045213368	-0.0384107	0.023040865	0.0057958364	-0.036000025	0.00911672	-0.024912322	0.02398536	-0.03333161	-0.0005527623	-0.009351455	0.018365692	0.025441002	-0.009965658	-0.005264364	-0.0040919296	0.00825081	-0.0085661635
-1.4425071	0.22495036	-0.27374482	-1.4023471	-0.102997616	-1.4202733	1.8708838	-0.545767	-0.98386866	-1.5874794	1.1781023	-1.1258942	0.3821478	-1.9647205	-0.98615503	-0.6845601	0.084976114	-1.7929003	-0.17033045	1.3978997
0.0025759228	0.018476691	0.030852746	-0.019807506	-0.0014233105	-0.013866603	0.029866066	-0.02737149	0.04314169	0.032557037	0.02992836	-0.03955395	0.042614315	-0.023090232	0.024617959	-0.046300422	-0.024303341	-0.04984473	0.024025325	0.026794028
0.010007381	-0.014177095	0.005607389	-0.038129725	-0.03344785	0.046092797	0.015616242	0.010988437	0.02964243	-0.03734535	0.016541589	-0.0023054369	0.03463154	0.020898167	-0.014778327	-0.029132916	-0.00061846897	0.0024900213	0.048501555	0.013760615
0.039070476	0.0221732	0.030118477	-0.003997445	0.027624775	-0.0080906525	-0.0353716	-0.045217395	-0.016424455	-0.022922397	-0.03923267	-0.019434107	-0.0032990798	-0.03714422	-0.0012725107	0.042400006	-0.013164628	-0.01825253	0.022199187	-0.026688313
0.69680136	0.9258401	-0.82161283	-0.84968954	0.8675795	0.7109186	0.70699537	0.73197544	0.862271	0.59940827	-1.1378167	0.7754377	-0.9285895	0.6465614	-0.5500669	-0.70107263	-1.0213127	0.55436736	0.7137526	0.08756908
0.045779113	0.0012886412	0.039237652	-0.040475655	0.032768283	0.010787033	-0.035733152	-0.018376015	-0.010763276	0.039954755	0.01754037	0.015204851	-0.0007169023	-0.012548409	0.036703978	0.020541225	-0.015257515	0.038245443	0.044893276	-0.015529204
-0.021070803	-0.043539908	0.022587392	-0.015367307	-0.007148944	-0.015624724	0.024255846	0.044207465	0.04152279	-0.046456218	0.031450856	-0.021641148	0.0210062	0.037912164	0.042522315	-0.038745128	0.049619403	0.02320281	0.0068217143	-0.045557406
-0.008436788	0.0009402856	0.049815822	-0.0014154203	0.0063408986	0.013978329	-0.015237521	0.030295793	0.018170107	0.033269238	-0.03979846	0.045076672	-0.048771977	0.011840843	-0.031967007	-0.010720681	0.03421283	-0.035121597	-0.00115012	-0.0013570562
-0.03291674	-0.018522047	0.020356108	0.04182482	0.026961256	0.0040446147	0.01953056	0.03225321	0.023117747	0.03529339	-0.02807572	0.02549107	0.009067345	-0.040125538	0.022268746	0.033303823	-0.04257357	0.035765495	0.019069199	0.049575273
0.037449304	-0.04157269	0.04593465	0.048722293	-0.01029966	-0.038059376	-0.0071044937	-0.016529907	-0.005649578	0.037196767	-0.035712183	0.020164836	0.00047226995	-0.0011824965	0.030492965	0.009757161	-0.028544772	0.048472825	0.043505456	-0.014394663
0.017154638	-0.04443741	0.011046208	0.039877784	-0.017125882	-0.045270838	0.041214857	0.026434924	-0.007152118	-0.02574805	0.025685165	-0.018789876	0.023859713	0.009709347	-0.004296601	-0.00010992214	-0.021699179	-0.046100654	-0.015526045	-0.049022924
-0.0011961237	-0.02477311	0.0370366	0.03149834	0.009231925	-0.039094936	0.041223336	-0.038713895	0.03171022	0.020693514	-0.018794073	-0.047736466	0.03004029	-0.0062955394	-0.012902785	-0.046589315	-0.026096975	0.0033606514	0.029466618	-0.0010351427
-0.4603781	-0.977599	1.6573938	0.7861265	1.725483	-0.65888226	0.25274894	0.79239666	1.2336774	-1.0947531	1.4894115	-0.4209823	-2.3038921	1.3652294	0.5818901	1.3591534	0.14244772	1.1592468	1.6856798	0.9394691
-0.01143495	-0.044495273	0.007929385	0.0037823208	0.0494217	-0.006400168	-0.044578563	0.016287062	-0.011650719	0.02527206	0.022393975	-0.0062208995	-0.04451994	0.021001372	-0.0028719418	-0.03751228	-0.025144339	-0.031721786	0.036591444	0.0111551285
-0.013817631	-0.0030038245	0.0071487315	-0.011733055	0.037469175	-0.033770047	0.031318855	0.044599082	0.038530264	0.01830561	0.019762825	0.018279504	0.017248336	-0.04943533	0.047223557	-0.024925351	0.040733125	-0.012122966	-0.014150489	0.027911332
